,new_cases,date_today,state
0,297.97882,2021-05-10,AL
1,312.26227,2021-05-11,AL
2,429.50775,2021-05-12,AL
3,350.14612,2021-05-13,AL
4,423.8865,2021-05-14,AL
5,325.27414,2021-05-15,AL
6,277.16406,2021-05-16,AL
7,369.11765,2021-05-17,AL
8,336.37897,2021-05-18,AL
9,380.2771,2021-05-19,AL
10,381.5505,2021-05-20,AL
11,300.3293,2021-05-21,AL
12,361.93704,2021-05-22,AL
13,256.70044,2021-05-23,AL
14,386.04636,2021-05-24,AL
15,295.14417,2021-05-25,AL
16,312.72806,2021-05-26,AL
17,409.19232,2021-05-27,AL
18,340.2093,2021-05-28,AL
19,357.63672,2021-05-29,AL
20,316.44202,2021-05-30,AL
21,397.13147,2021-05-31,AL
22,334.86868,2021-06-01,AL
23,273.12103,2021-06-02,AL
24,319.94662,2021-06-03,AL
25,283.82214,2021-06-04,AL
26,267.0589,2021-06-05,AL
27,322.23947,2021-06-06,AL
0,183.5611,2021-05-10,AR
1,284.18198,2021-05-11,AR
2,250.74425,2021-05-12,AR
3,187.47382,2021-05-13,AR
4,178.21115,2021-05-14,AR
5,139.10936,2021-05-15,AR
6,180.27748,2021-05-16,AR
7,185.20418,2021-05-17,AR
8,226.8458,2021-05-18,AR
9,181.07925,2021-05-19,AR
10,214.25592,2021-05-20,AR
11,199.16878,2021-05-21,AR
12,170.89905,2021-05-22,AR
13,139.279,2021-05-23,AR
14,160.93474,2021-05-24,AR
15,162.68658,2021-05-25,AR
16,190.40529,2021-05-26,AR
17,185.95775,2021-05-27,AR
18,225.16028,2021-05-28,AR
19,167.453,2021-05-29,AR
20,198.06328,2021-05-30,AR
21,201.43661,2021-05-31,AR
22,203.85635,2021-06-01,AR
23,215.03006,2021-06-02,AR
24,137.68129,2021-06-03,AR
25,189.23366,2021-06-04,AR
26,173.94319,2021-06-05,AR
27,208.5106,2021-06-06,AR
0,637.0283,2021-05-10,AZ
1,714.57227,2021-05-11,AZ
2,648.2092,2021-05-12,AZ
3,654.3677,2021-05-13,AZ
4,688.88055,2021-05-14,AZ
5,755.6182,2021-05-15,AZ
6,626.786,2021-05-16,AZ
7,690.58075,2021-05-17,AZ
8,721.0406,2021-05-18,AZ
9,714.89014,2021-05-19,AZ
10,553.6098,2021-05-20,AZ
11,639.5437,2021-05-21,AZ
12,654.8666,2021-05-22,AZ
13,690.89343,2021-05-23,AZ
14,627.6046,2021-05-24,AZ
15,483.96323,2021-05-25,AZ
16,587.0575,2021-05-26,AZ
17,664.0678,2021-05-27,AZ
18,541.866,2021-05-28,AZ
19,558.6262,2021-05-29,AZ
20,453.3789,2021-05-30,AZ
21,621.05597,2021-05-31,AZ
22,548.044,2021-06-01,AZ
23,615.1278,2021-06-02,AZ
24,499.80597,2021-06-03,AZ
25,505.09174,2021-06-04,AZ
26,576.9855,2021-06-05,AZ
27,586.46857,2021-06-06,AZ
0,1989.5697,2021-05-10,CA
1,1869.8138,2021-05-11,CA
2,1748.1184,2021-05-12,CA
3,1670.3134,2021-05-13,CA
4,1796.3364,2021-05-14,CA
5,1614.7794,2021-05-15,CA
6,1726.1362,2021-05-16,CA
7,1586.4282,2021-05-17,CA
8,1730.5936,2021-05-18,CA
9,1592.8644,2021-05-19,CA
10,1764.3909,2021-05-20,CA
11,1699.9666,2021-05-21,CA
12,1518.0751,2021-05-22,CA
13,1331.5674,2021-05-23,CA
14,1730.0482,2021-05-24,CA
15,1340.5093,2021-05-25,CA
16,1440.4639,2021-05-26,CA
17,1279.9084,2021-05-27,CA
18,1600.6908,2021-05-28,CA
19,1165.6577,2021-05-29,CA
20,1304.335,2021-05-30,CA
21,1141.4965,2021-05-31,CA
22,1270.0181,2021-06-01,CA
23,1268.094,2021-06-02,CA
24,1010.5841,2021-06-03,CA
25,1104.4105,2021-06-04,CA
26,1288.4025,2021-06-05,CA
27,1182.1768,2021-06-06,CA
0,1562.5118,2021-05-10,CO
1,1634.5662,2021-05-11,CO
2,1339.9811,2021-05-12,CO
3,1474.2524,2021-05-13,CO
4,1313.704,2021-05-14,CO
5,1510.0712,2021-05-15,CO
6,1565.2899,2021-05-16,CO
7,1235.782,2021-05-17,CO
8,1356.6755,2021-05-18,CO
9,1533.4163,2021-05-19,CO
10,1576.9385,2021-05-20,CO
11,1546.9174,2021-05-21,CO
12,1035.4755,2021-05-22,CO
13,1178.9333,2021-05-23,CO
14,1486.7477,2021-05-24,CO
15,1408.1104,2021-05-25,CO
16,1209.614,2021-05-26,CO
17,1150.0139,2021-05-27,CO
18,1306.5453,2021-05-28,CO
19,1645.4342,2021-05-29,CO
20,1386.2292,2021-05-30,CO
21,1201.0895,2021-05-31,CO
22,1137.9138,2021-06-01,CO
23,1164.9037,2021-06-02,CO
24,1262.7917,2021-06-03,CO
25,1286.3438,2021-06-04,CO
26,1176.0841,2021-06-05,CO
27,1068.0378,2021-06-06,CO
0,1038.6831,2021-05-10,CT
1,371.39203,2021-05-11,CT
2,228.7416,2021-05-12,CT
3,969.53406,2021-05-13,CT
4,565.6577,2021-05-14,CT
5,198.18263,2021-05-15,CT
6,255.70584,2021-05-16,CT
7,1236.8363,2021-05-17,CT
8,900.2497,2021-05-18,CT
9,426.42847,2021-05-19,CT
10,649.882,2021-05-20,CT
11,817.4969,2021-05-21,CT
12,441.74423,2021-05-22,CT
13,210.82658,2021-05-23,CT
14,848.3472,2021-05-24,CT
15,556.13165,2021-05-25,CT
16,492.38135,2021-05-26,CT
17,639.0809,2021-05-27,CT
18,814.4907,2021-05-28,CT
19,313.76328,2021-05-29,CT
20,227.73419,2021-05-30,CT
21,912.85626,2021-05-31,CT
22,423.99338,2021-06-01,CT
23,192.52142,2021-06-02,CT
24,581.8422,2021-06-03,CT
25,397.3197,2021-06-04,CT
26,358.69073,2021-06-05,CT
27,195.82222,2021-06-06,CT
0,70.049545,2021-05-10,DC
1,62.62511,2021-05-11,DC
2,81.110115,2021-05-12,DC
3,51.32702,2021-05-13,DC
4,55.348793,2021-05-14,DC
5,61.08047,2021-05-15,DC
6,48.986603,2021-05-16,DC
7,47.51032,2021-05-17,DC
8,63.284554,2021-05-18,DC
9,47.145752,2021-05-19,DC
10,45.02636,2021-05-20,DC
11,56.363655,2021-05-21,DC
12,58.841137,2021-05-22,DC
13,45.951004,2021-05-23,DC
14,45.65579,2021-05-24,DC
15,55.245335,2021-05-25,DC
16,41.563854,2021-05-26,DC
17,55.026997,2021-05-27,DC
18,55.120903,2021-05-28,DC
19,54.886555,2021-05-29,DC
20,46.570602,2021-05-30,DC
21,54.48005,2021-05-31,DC
22,49.05504,2021-06-01,DC
23,49.38366,2021-06-02,DC
24,44.9182,2021-06-03,DC
25,42.741123,2021-06-04,DC
26,45.770092,2021-06-05,DC
27,52.552616,2021-06-06,DC
0,171.28963,2021-05-10,DE
1,207.28966,2021-05-11,DE
2,202.70776,2021-05-12,DE
3,221.21515,2021-05-13,DE
4,241.80681,2021-05-14,DE
5,180.55637,2021-05-15,DE
6,185.85924,2021-05-16,DE
7,187.40851,2021-05-17,DE
8,190.78844,2021-05-18,DE
9,209.73036,2021-05-19,DE
10,171.20514,2021-05-20,DE
11,228.83131,2021-05-21,DE
12,153.49715,2021-05-22,DE
13,194.23253,2021-05-23,DE
14,204.81236,2021-05-24,DE
15,177.68282,2021-05-25,DE
16,217.00427,2021-05-26,DE
17,180.66936,2021-05-27,DE
18,210.18257,2021-05-28,DE
19,199.1554,2021-05-29,DE
20,183.2094,2021-05-30,DE
21,183.30144,2021-05-31,DE
22,192.17703,2021-06-01,DE
23,179.19312,2021-06-02,DE
24,140.4934,2021-06-03,DE
25,168.28012,2021-06-04,DE
26,166.49878,2021-06-05,DE
27,167.32857,2021-06-06,DE
0,4342.4746,2021-05-10,FL
1,4197.6777,2021-05-11,FL
2,4007.3538,2021-05-12,FL
3,4184.8877,2021-05-13,FL
4,4270.4146,2021-05-14,FL
5,4054.4644,2021-05-15,FL
6,4438.512,2021-05-16,FL
7,3692.0408,2021-05-17,FL
8,4111.9536,2021-05-18,FL
9,3830.7854,2021-05-19,FL
10,4016.608,2021-05-20,FL
11,4069.5242,2021-05-21,FL
12,3602.554,2021-05-22,FL
13,3894.6797,2021-05-23,FL
14,3534.525,2021-05-24,FL
15,3726.7822,2021-05-25,FL
16,3933.2004,2021-05-26,FL
17,3331.2332,2021-05-27,FL
18,4115.1626,2021-05-28,FL
19,3549.1357,2021-05-29,FL
20,3744.345,2021-05-30,FL
21,4078.496,2021-05-31,FL
22,3521.662,2021-06-01,FL
23,4091.7754,2021-06-02,FL
24,3892.064,2021-06-03,FL
25,3268.665,2021-06-04,FL
26,4030.5142,2021-06-05,FL
27,3599.894,2021-06-06,FL
0,1151.1819,2021-05-10,GA
1,1081.6213,2021-05-11,GA
2,1090.1685,2021-05-12,GA
3,1169.3604,2021-05-13,GA
4,1181.1515,2021-05-14,GA
5,997.04205,2021-05-15,GA
6,961.5028,2021-05-16,GA
7,1027.9586,2021-05-17,GA
8,1079.8391,2021-05-18,GA
9,1092.7394,2021-05-19,GA
10,1162.5908,2021-05-20,GA
11,1028.2262,2021-05-21,GA
12,956.09,2021-05-22,GA
13,1021.93146,2021-05-23,GA
14,996.89215,2021-05-24,GA
15,1068.8142,2021-05-25,GA
16,937.22455,2021-05-26,GA
17,1099.4124,2021-05-27,GA
18,1091.4863,2021-05-28,GA
19,937.8143,2021-05-29,GA
20,1033.1726,2021-05-30,GA
21,890.5833,2021-05-31,GA
22,967.3642,2021-06-01,GA
23,903.32056,2021-06-02,GA
24,1052.4518,2021-06-03,GA
25,1127.2296,2021-06-04,GA
26,899.0991,2021-06-05,GA
27,860.1003,2021-06-06,GA
0,385.13718,2021-05-10,IA
1,323.18918,2021-05-11,IA
2,315.62186,2021-05-12,IA
3,371.86874,2021-05-13,IA
4,331.38556,2021-05-14,IA
5,275.6131,2021-05-15,IA
6,289.35275,2021-05-16,IA
7,268.52698,2021-05-17,IA
8,258.42865,2021-05-18,IA
9,314.0827,2021-05-19,IA
10,303.3235,2021-05-20,IA
11,239.08485,2021-05-21,IA
12,208.51535,2021-05-22,IA
13,235.57971,2021-05-23,IA
14,292.96182,2021-05-24,IA
15,243.02863,2021-05-25,IA
16,240.97476,2021-05-26,IA
17,273.47406,2021-05-27,IA
18,260.71854,2021-05-28,IA
19,263.99576,2021-05-29,IA
20,184.81087,2021-05-30,IA
21,207.12973,2021-05-31,IA
22,236.86307,2021-06-01,IA
23,286.94553,2021-06-02,IA
24,253.6411,2021-06-03,IA
25,224.25882,2021-06-04,IA
26,252.9794,2021-06-05,IA
27,206.75554,2021-06-06,IA
0,160.63185,2021-05-10,ID
1,221.35912,2021-05-11,ID
2,104.12837,2021-05-12,ID
3,170.0474,2021-05-13,ID
4,227.30984,2021-05-14,ID
5,178.48718,2021-05-15,ID
6,226.31462,2021-05-16,ID
7,214.12314,2021-05-17,ID
8,152.1373,2021-05-18,ID
9,175.64453,2021-05-19,ID
10,157.49745,2021-05-20,ID
11,168.89784,2021-05-21,ID
12,101.579735,2021-05-22,ID
13,108.86971,2021-05-23,ID
14,240.60954,2021-05-24,ID
15,205.58598,2021-05-25,ID
16,153.82367,2021-05-26,ID
17,118.73539,2021-05-27,ID
18,174.20341,2021-05-28,ID
19,146.23381,2021-05-29,ID
20,194.93552,2021-05-30,ID
21,209.07217,2021-05-31,ID
22,219.37498,2021-06-01,ID
23,216.54768,2021-06-02,ID
24,163.05038,2021-06-03,ID
25,64.527855,2021-06-04,ID
26,65.76173,2021-06-05,ID
27,87.111694,2021-06-06,ID
0,2200.9658,2021-05-10,IL
1,2482.4092,2021-05-11,IL
2,2115.6025,2021-05-12,IL
3,2483.3071,2021-05-13,IL
4,2014.0623,2021-05-14,IL
5,2267.1357,2021-05-15,IL
6,2189.709,2021-05-16,IL
7,1965.9888,2021-05-17,IL
8,2134.0051,2021-05-18,IL
9,1824.39,2021-05-19,IL
10,2217.6538,2021-05-20,IL
11,2165.9207,2021-05-21,IL
12,2137.6362,2021-05-22,IL
13,2173.3508,2021-05-23,IL
14,2092.2612,2021-05-24,IL
15,2233.8894,2021-05-25,IL
16,2312.5325,2021-05-26,IL
17,2067.9133,2021-05-27,IL
18,2040.5374,2021-05-28,IL
19,2185.637,2021-05-29,IL
20,2161.4976,2021-05-30,IL
21,1835.3961,2021-05-31,IL
22,2138.2786,2021-06-01,IL
23,1670.9518,2021-06-02,IL
24,2290.9934,2021-06-03,IL
25,1804.5701,2021-06-04,IL
26,1961.6982,2021-06-05,IL
27,1692.5217,2021-06-06,IL
0,1078.7623,2021-05-10,IN
1,968.0043,2021-05-11,IN
2,1086.1699,2021-05-12,IN
3,1205.0006,2021-05-13,IN
4,1061.7455,2021-05-14,IN
5,1125.537,2021-05-15,IN
6,934.4433,2021-05-16,IN
7,1006.7353,2021-05-17,IN
8,1005.58344,2021-05-18,IN
9,1029.4259,2021-05-19,IN
10,1027.1307,2021-05-20,IN
11,950.8154,2021-05-21,IN
12,951.80035,2021-05-22,IN
13,910.30566,2021-05-23,IN
14,899.6054,2021-05-24,IN
15,932.1643,2021-05-25,IN
16,1011.7717,2021-05-26,IN
17,920.7138,2021-05-27,IN
18,964.5515,2021-05-28,IN
19,877.23114,2021-05-29,IN
20,809.3597,2021-05-30,IN
21,863.74585,2021-05-31,IN
22,914.5607,2021-06-01,IN
23,1022.5245,2021-06-02,IN
24,910.29504,2021-06-03,IN
25,782.10834,2021-06-04,IN
26,981.1917,2021-06-05,IN
27,825.47205,2021-06-06,IN
0,230.58658,2021-05-10,KS
1,25.095276,2021-05-11,KS
2,398.709,2021-05-12,KS
3,0.0,2021-05-13,KS
4,338.1465,2021-05-14,KS
5,147.116,2021-05-15,KS
6,135.06534,2021-05-16,KS
7,353.14804,2021-05-17,KS
8,188.36018,2021-05-18,KS
9,435.33005,2021-05-19,KS
10,32.588387,2021-05-20,KS
11,322.05154,2021-05-21,KS
12,198.93643,2021-05-22,KS
13,134.40321,2021-05-23,KS
14,284.6488,2021-05-24,KS
15,17.406979,2021-05-25,KS
16,322.7948,2021-05-26,KS
17,0.0,2021-05-27,KS
18,358.3371,2021-05-28,KS
19,112.77773,2021-05-29,KS
20,56.827885,2021-05-30,KS
21,243.25105,2021-05-31,KS
22,26.645336,2021-06-01,KS
23,391.0395,2021-06-02,KS
24,41.356983,2021-06-03,KS
25,157.51437,2021-06-04,KS
26,128.14287,2021-06-05,KS
27,85.793106,2021-06-06,KS
0,463.12317,2021-05-10,KY
1,551.4193,2021-05-11,KY
2,634.7962,2021-05-12,KY
3,595.72516,2021-05-13,KY
4,651.13226,2021-05-14,KY
5,467.90683,2021-05-15,KY
6,544.75073,2021-05-16,KY
7,548.41656,2021-05-17,KY
8,694.43195,2021-05-18,KY
9,561.57135,2021-05-19,KY
10,398.28543,2021-05-20,KY
11,629.3348,2021-05-21,KY
12,596.9761,2021-05-22,KY
13,479.9422,2021-05-23,KY
14,427.15106,2021-05-24,KY
15,534.07446,2021-05-25,KY
16,530.9769,2021-05-26,KY
17,500.8528,2021-05-27,KY
18,496.97556,2021-05-28,KY
19,484.8499,2021-05-29,KY
20,375.79605,2021-05-30,KY
21,445.698,2021-05-31,KY
22,471.1927,2021-06-01,KY
23,597.8469,2021-06-02,KY
24,570.8185,2021-06-03,KY
25,344.78113,2021-06-04,KY
26,492.2434,2021-06-05,KY
27,409.83582,2021-06-06,KY
0,383.44485,2021-05-10,LA
1,345.56372,2021-05-11,LA
2,400.1383,2021-05-12,LA
3,548.979,2021-05-13,LA
4,319.12238,2021-05-14,LA
5,224.05998,2021-05-15,LA
6,377.6565,2021-05-16,LA
7,513.4862,2021-05-17,LA
8,264.12952,2021-05-18,LA
9,386.23813,2021-05-19,LA
10,313.30188,2021-05-20,LA
11,390.02264,2021-05-21,LA
12,304.3424,2021-05-22,LA
13,207.22775,2021-05-23,LA
14,300.05835,2021-05-24,LA
15,408.97763,2021-05-25,LA
16,406.09738,2021-05-26,LA
17,342.78525,2021-05-27,LA
18,391.20847,2021-05-28,LA
19,231.57039,2021-05-29,LA
20,387.95618,2021-05-30,LA
21,416.8679,2021-05-31,LA
22,353.67587,2021-06-01,LA
23,308.31686,2021-06-02,LA
24,297.12585,2021-06-03,LA
25,221.24013,2021-06-04,LA
26,403.9442,2021-06-05,LA
27,232.64105,2021-06-06,LA
0,806.5388,2021-05-10,MA
1,901.7653,2021-05-11,MA
2,866.7322,2021-05-12,MA
3,1179.3671,2021-05-13,MA
4,927.9435,2021-05-14,MA
5,767.4864,2021-05-15,MA
6,1108.3542,2021-05-16,MA
7,915.4728,2021-05-17,MA
8,855.36725,2021-05-18,MA
9,953.33954,2021-05-19,MA
10,890.54395,2021-05-20,MA
11,1167.4734,2021-05-21,MA
12,795.35675,2021-05-22,MA
13,1063.3577,2021-05-23,MA
14,758.93176,2021-05-24,MA
15,837.18225,2021-05-25,MA
16,909.9463,2021-05-26,MA
17,784.3375,2021-05-27,MA
18,835.6136,2021-05-28,MA
19,1019.06116,2021-05-29,MA
20,885.81366,2021-05-30,MA
21,733.972,2021-05-31,MA
22,806.6078,2021-06-01,MA
23,1020.97437,2021-06-02,MA
24,1072.8463,2021-06-03,MA
25,889.50525,2021-06-04,MA
26,894.4431,2021-06-05,MA
27,703.81915,2021-06-06,MA
0,758.24457,2021-05-10,MD
1,679.40515,2021-05-11,MD
2,693.8241,2021-05-12,MD
3,651.97284,2021-05-13,MD
4,733.1802,2021-05-14,MD
5,682.6939,2021-05-15,MD
6,799.97437,2021-05-16,MD
7,686.64905,2021-05-17,MD
8,667.789,2021-05-18,MD
9,615.6621,2021-05-19,MD
10,646.1633,2021-05-20,MD
11,590.5943,2021-05-21,MD
12,681.7763,2021-05-22,MD
13,623.04956,2021-05-23,MD
14,537.7642,2021-05-24,MD
15,623.58575,2021-05-25,MD
16,741.89575,2021-05-26,MD
17,574.05975,2021-05-27,MD
18,569.0347,2021-05-28,MD
19,639.6729,2021-05-29,MD
20,675.92993,2021-05-30,MD
21,645.4122,2021-05-31,MD
22,607.30414,2021-06-01,MD
23,643.0456,2021-06-02,MD
24,588.87744,2021-06-03,MD
25,654.23474,2021-06-04,MD
26,624.4459,2021-06-05,MD
27,722.3296,2021-06-06,MD
0,272.8162,2021-05-10,ME
1,325.59103,2021-05-11,ME
2,323.51324,2021-05-12,ME
3,308.47058,2021-05-13,ME
4,313.5762,2021-05-14,ME
5,254.05313,2021-05-15,ME
6,285.0632,2021-05-16,ME
7,317.29764,2021-05-17,ME
8,272.2725,2021-05-18,ME
9,304.44724,2021-05-19,ME
10,277.1771,2021-05-20,ME
11,285.8441,2021-05-21,ME
12,280.0415,2021-05-22,ME
13,302.9826,2021-05-23,ME
14,304.69794,2021-05-24,ME
15,268.25983,2021-05-25,ME
16,329.4013,2021-05-26,ME
17,262.0692,2021-05-27,ME
18,255.22339,2021-05-28,ME
19,330.09116,2021-05-29,ME
20,261.74255,2021-05-30,ME
21,266.1031,2021-05-31,ME
22,310.69046,2021-06-01,ME
23,226.02982,2021-06-02,ME
24,256.98462,2021-06-03,ME
25,264.40454,2021-06-04,ME
26,242.99861,2021-06-05,ME
27,245.02428,2021-06-06,ME
0,4450.495,2021-05-10,MI
1,3039.4897,2021-05-11,MI
2,3699.1396,2021-05-12,MI
3,3247.7078,2021-05-13,MI
4,3066.246,2021-05-14,MI
5,3136.8552,2021-05-15,MI
6,2138.575,2021-05-16,MI
7,3417.0144,2021-05-17,MI
8,4345.128,2021-05-18,MI
9,3410.5142,2021-05-19,MI
10,2993.3755,2021-05-20,MI
11,2572.95,2021-05-21,MI
12,2063.9548,2021-05-22,MI
13,909.69794,2021-05-23,MI
14,3340.71,2021-05-24,MI
15,3739.6316,2021-05-25,MI
16,2694.531,2021-05-26,MI
17,3143.0771,2021-05-27,MI
18,2908.0833,2021-05-28,MI
19,3236.271,2021-05-29,MI
20,2505.151,2021-05-30,MI
21,2600.3608,2021-05-31,MI
22,2628.3855,2021-06-01,MI
23,3555.292,2021-06-02,MI
24,2475.6882,2021-06-03,MI
25,2905.913,2021-06-04,MI
26,2997.023,2021-06-05,MI
27,2129.064,2021-06-06,MI
0,1205.6603,2021-05-10,MN
1,1166.2261,2021-05-11,MN
2,1236.8551,2021-05-12,MN
3,1282.3708,2021-05-13,MN
4,1317.8663,2021-05-14,MN
5,1144.9637,2021-05-15,MN
6,946.667,2021-05-16,MN
7,1332.2767,2021-05-17,MN
8,1376.3402,2021-05-18,MN
9,1444.4614,2021-05-19,MN
10,945.22815,2021-05-20,MN
11,822.5261,2021-05-21,MN
12,1060.87,2021-05-22,MN
13,1180.7441,2021-05-23,MN
14,1080.3647,2021-05-24,MN
15,884.1655,2021-05-25,MN
16,931.65875,2021-05-26,MN
17,1221.5747,2021-05-27,MN
18,1256.6688,2021-05-28,MN
19,1064.7397,2021-05-29,MN
20,880.8426,2021-05-30,MN
21,1019.809,2021-05-31,MN
22,964.6734,2021-06-01,MN
23,945.7521,2021-06-02,MN
24,1018.9268,2021-06-03,MN
25,923.1066,2021-06-04,MN
26,1034.876,2021-06-05,MN
27,918.35974,2021-06-06,MN
0,491.4776,2021-05-10,MO
1,583.46686,2021-05-11,MO
2,570.80725,2021-05-12,MO
3,612.7599,2021-05-13,MO
4,581.6058,2021-05-14,MO
5,584.3634,2021-05-15,MO
6,449.58942,2021-05-16,MO
7,756.8425,2021-05-17,MO
8,471.75778,2021-05-18,MO
9,652.74146,2021-05-19,MO
10,499.92377,2021-05-20,MO
11,601.4113,2021-05-21,MO
12,584.452,2021-05-22,MO
13,518.1783,2021-05-23,MO
14,587.51666,2021-05-24,MO
15,551.5613,2021-05-25,MO
16,543.43616,2021-05-26,MO
17,583.75946,2021-05-27,MO
18,576.68414,2021-05-28,MO
19,615.6908,2021-05-29,MO
20,366.39236,2021-05-30,MO
21,619.51447,2021-05-31,MO
22,640.64124,2021-06-01,MO
23,444.27203,2021-06-02,MO
24,495.96072,2021-06-03,MO
25,395.09113,2021-06-04,MO
26,553.4935,2021-06-05,MO
27,522.8774,2021-06-06,MO
0,253.13298,2021-05-10,MS
1,178.85434,2021-05-11,MS
2,270.00027,2021-05-12,MS
3,231.78958,2021-05-13,MS
4,311.83777,2021-05-14,MS
5,209.30762,2021-05-15,MS
6,160.48569,2021-05-16,MS
7,194.71834,2021-05-17,MS
8,121.663414,2021-05-18,MS
9,225.0978,2021-05-19,MS
10,145.54883,2021-05-20,MS
11,120.22895,2021-05-21,MS
12,128.94199,2021-05-22,MS
13,179.81209,2021-05-23,MS
14,199.88478,2021-05-24,MS
15,211.31169,2021-05-25,MS
16,179.73575,2021-05-26,MS
17,200.52777,2021-05-27,MS
18,226.10448,2021-05-28,MS
19,93.36239,2021-05-29,MS
20,142.45766,2021-05-30,MS
21,183.96162,2021-05-31,MS
22,109.38798,2021-06-01,MS
23,170.51027,2021-06-02,MS
24,195.66353,2021-06-03,MS
25,149.31734,2021-06-04,MS
26,205.37117,2021-06-05,MS
27,160.40553,2021-06-06,MS
0,147.66502,2021-05-10,MT
1,129.4643,2021-05-11,MT
2,93.54012,2021-05-12,MT
3,93.380714,2021-05-13,MT
4,143.78804,2021-05-14,MT
5,133.76685,2021-05-15,MT
6,114.03965,2021-05-16,MT
7,139.55544,2021-05-17,MT
8,110.26191,2021-05-18,MT
9,110.304146,2021-05-19,MT
10,111.36116,2021-05-20,MT
11,93.80611,2021-05-21,MT
12,113.121635,2021-05-22,MT
13,83.095215,2021-05-23,MT
14,107.45946,2021-05-24,MT
15,116.27465,2021-05-25,MT
16,92.606766,2021-05-26,MT
17,68.98572,2021-05-27,MT
18,97.252556,2021-05-28,MT
19,110.26447,2021-05-29,MT
20,103.26634,2021-05-30,MT
21,100.98097,2021-05-31,MT
22,108.289215,2021-06-01,MT
23,73.580376,2021-06-02,MT
24,132.90442,2021-06-03,MT
25,99.93064,2021-06-04,MT
26,101.77695,2021-06-05,MT
27,88.82974,2021-06-06,MT
0,2089.5742,2021-05-10,NC
1,2495.4048,2021-05-11,NC
2,411.69376,2021-05-12,NC
3,2306.716,2021-05-13,NC
4,591.3059,2021-05-14,NC
5,1675.1661,2021-05-15,NC
6,1440.0197,2021-05-16,NC
7,1282.0557,2021-05-17,NC
8,1523.6421,2021-05-18,NC
9,614.31525,2021-05-19,NC
10,1642.9014,2021-05-20,NC
11,955.75696,2021-05-21,NC
12,1327.6096,2021-05-22,NC
13,1956.9509,2021-05-23,NC
14,1040.0576,2021-05-24,NC
15,1694.3204,2021-05-25,NC
16,1076.6982,2021-05-26,NC
17,944.7806,2021-05-27,NC
18,1920.7083,2021-05-28,NC
19,1226.1736,2021-05-29,NC
20,1552.5842,2021-05-30,NC
21,1534.5052,2021-05-31,NC
22,1061.8053,2021-06-01,NC
23,1006.3662,2021-06-02,NC
24,138.1808,2021-06-03,NC
25,1870.5757,2021-06-04,NC
26,1449.1108,2021-06-05,NC
27,778.30853,2021-06-06,NC
0,84.02081,2021-05-10,ND
1,134.9107,2021-05-11,ND
2,117.214,2021-05-12,ND
3,92.08079,2021-05-13,ND
4,142.884,2021-05-14,ND
5,94.6796,2021-05-15,ND
6,120.48075,2021-05-16,ND
7,121.840744,2021-05-17,ND
8,120.475006,2021-05-18,ND
9,153.83536,2021-05-19,ND
10,118.299194,2021-05-20,ND
11,107.402336,2021-05-21,ND
12,83.76793,2021-05-22,ND
13,90.47514,2021-05-23,ND
14,135.8147,2021-05-24,ND
15,103.98752,2021-05-25,ND
16,90.938484,2021-05-26,ND
17,102.638435,2021-05-27,ND
18,65.15558,2021-05-28,ND
19,112.69434,2021-05-29,ND
20,40.21326,2021-05-30,ND
21,99.69064,2021-05-31,ND
22,75.38459,2021-06-01,ND
23,78.425316,2021-06-02,ND
24,114.445946,2021-06-03,ND
25,103.98195,2021-06-04,ND
26,57.33095,2021-06-05,ND
27,96.78417,2021-06-06,ND
0,216.38963,2021-05-10,NE
1,266.34995,2021-05-11,NE
2,240.14348,2021-05-12,NE
3,210.91344,2021-05-13,NE
4,170.31775,2021-05-14,NE
5,222.95999,2021-05-15,NE
6,198.59473,2021-05-16,NE
7,169.35754,2021-05-17,NE
8,158.47615,2021-05-18,NE
9,172.78986,2021-05-19,NE
10,194.92345,2021-05-20,NE
11,255.61063,2021-05-21,NE
12,152.37988,2021-05-22,NE
13,193.4188,2021-05-23,NE
14,134.18195,2021-05-24,NE
15,199.99277,2021-05-25,NE
16,223.00523,2021-05-26,NE
17,181.68564,2021-05-27,NE
18,201.82014,2021-05-28,NE
19,166.2108,2021-05-29,NE
20,153.68791,2021-05-30,NE
21,205.35704,2021-05-31,NE
22,155.84074,2021-06-01,NE
23,192.16554,2021-06-02,NE
24,157.57336,2021-06-03,NE
25,169.86931,2021-06-04,NE
26,180.03471,2021-06-05,NE
27,132.92596,2021-06-06,NE
0,226.24876,2021-05-10,NH
1,211.35753,2021-05-11,NH
2,222.62263,2021-05-12,NH
3,175.42422,2021-05-13,NH
4,247.39165,2021-05-14,NH
5,206.41353,2021-05-15,NH
6,146.57484,2021-05-16,NH
7,182.20206,2021-05-17,NH
8,206.45291,2021-05-18,NH
9,175.71495,2021-05-19,NH
10,157.07742,2021-05-20,NH
11,178.093,2021-05-21,NH
12,139.63968,2021-05-22,NH
13,171.35464,2021-05-23,NH
14,200.9353,2021-05-24,NH
15,210.35556,2021-05-25,NH
16,191.41899,2021-05-26,NH
17,173.27269,2021-05-27,NH
18,194.41603,2021-05-28,NH
19,234.6112,2021-05-29,NH
20,157.65038,2021-05-30,NH
21,137.51157,2021-05-31,NH
22,151.31204,2021-06-01,NH
23,126.66974,2021-06-02,NH
24,150.37393,2021-06-03,NH
25,167.85707,2021-06-04,NH
26,180.29588,2021-06-05,NH
27,169.00903,2021-06-06,NH
0,1599.7811,2021-05-10,NJ
1,1459.3516,2021-05-11,NJ
2,1799.1428,2021-05-12,NJ
3,1554.0354,2021-05-13,NJ
4,1304.3925,2021-05-14,NJ
5,1286.8557,2021-05-15,NJ
6,1336.6066,2021-05-16,NJ
7,1441.8601,2021-05-17,NJ
8,1495.6163,2021-05-18,NJ
9,1458.6837,2021-05-19,NJ
10,1298.9186,2021-05-20,NJ
11,1091.5654,2021-05-21,NJ
12,1292.0613,2021-05-22,NJ
13,1099.6022,2021-05-23,NJ
14,1154.3754,2021-05-24,NJ
15,1147.9204,2021-05-25,NJ
16,1022.1522,2021-05-26,NJ
17,939.0159,2021-05-27,NJ
18,1489.3694,2021-05-28,NJ
19,1427.0084,2021-05-29,NJ
20,1093.7023,2021-05-30,NJ
21,1673.4036,2021-05-31,NJ
22,1198.0157,2021-06-01,NJ
23,1048.1947,2021-06-02,NJ
24,1052.8212,2021-06-03,NJ
25,1069.184,2021-06-04,NJ
26,1126.3368,2021-06-05,NJ
27,1136.2812,2021-06-06,NJ
0,82.8856,2021-05-10,NM
1,218.06355,2021-05-11,NM
2,191.59126,2021-05-12,NM
3,239.58554,2021-05-13,NM
4,267.4194,2021-05-14,NM
5,196.7631,2021-05-15,NM
6,288.7113,2021-05-16,NM
7,231.42574,2021-05-17,NM
8,150.8318,2021-05-18,NM
9,332.2732,2021-05-19,NM
10,237.40665,2021-05-20,NM
11,176.77098,2021-05-21,NM
12,98.16409,2021-05-22,NM
13,199.04738,2021-05-23,NM
14,223.64107,2021-05-24,NM
15,193.28711,2021-05-25,NM
16,157.86096,2021-05-26,NM
17,86.44581,2021-05-27,NM
18,124.12714,2021-05-28,NM
19,98.8536,2021-05-29,NM
20,114.465706,2021-05-30,NM
21,229.64694,2021-05-31,NM
22,89.61258,2021-06-01,NM
23,142.86662,2021-06-02,NM
24,142.89844,2021-06-03,NM
25,166.86887,2021-06-04,NM
26,97.09979,2021-06-05,NM
27,202.31999,2021-06-06,NM
0,473.59924,2021-05-10,NV
1,449.7664,2021-05-11,NV
2,449.55878,2021-05-12,NV
3,167.8801,2021-05-13,NV
4,323.39487,2021-05-14,NV
5,334.56696,2021-05-15,NV
6,210.89815,2021-05-16,NV
7,326.17084,2021-05-17,NV
8,210.2503,2021-05-18,NV
9,455.04636,2021-05-19,NV
10,421.90317,2021-05-20,NV
11,317.083,2021-05-21,NV
12,279.18222,2021-05-22,NV
13,336.75757,2021-05-23,NV
14,287.55582,2021-05-24,NV
15,377.46164,2021-05-25,NV
16,235.42952,2021-05-26,NV
17,246.95944,2021-05-27,NV
18,335.76755,2021-05-28,NV
19,302.27914,2021-05-29,NV
20,180.55121,2021-05-30,NV
21,207.1205,2021-05-31,NV
22,120.405334,2021-06-01,NV
23,261.05576,2021-06-02,NV
24,296.43478,2021-06-03,NV
25,363.3746,2021-06-04,NV
26,104.53427,2021-06-05,NV
27,194.74861,2021-06-06,NV
0,3027.5488,2021-05-10,NY
1,2916.8362,2021-05-11,NY
2,2953.9194,2021-05-12,NY
3,2873.8528,2021-05-13,NY
4,3090.1934,2021-05-14,NY
5,2990.221,2021-05-15,NY
6,2894.6208,2021-05-16,NY
7,3027.5486,2021-05-17,NY
8,2301.0444,2021-05-18,NY
9,2905.0461,2021-05-19,NY
10,2842.362,2021-05-20,NY
11,2640.5337,2021-05-21,NY
12,2583.329,2021-05-22,NY
13,2935.881,2021-05-23,NY
14,2842.8564,2021-05-24,NY
15,2595.1697,2021-05-25,NY
16,2715.2175,2021-05-26,NY
17,2219.312,2021-05-27,NY
18,2564.4927,2021-05-28,NY
19,2433.7866,2021-05-29,NY
20,2654.4119,2021-05-30,NY
21,2257.7148,2021-05-31,NY
22,2373.683,2021-06-01,NY
23,2573.7134,2021-06-02,NY
24,2601.5017,2021-06-03,NY
25,2276.6108,2021-06-04,NY
26,2480.1492,2021-06-05,NY
27,2155.8801,2021-06-06,NY
0,1279.14,2021-05-10,OH
1,1123.33,2021-05-11,OH
2,1181.1466,2021-05-12,OH
3,1484.864,2021-05-13,OH
4,1332.7859,2021-05-14,OH
5,1407.099,2021-05-15,OH
6,1098.2628,2021-05-16,OH
7,1242.1566,2021-05-17,OH
8,1426.6652,2021-05-18,OH
9,1377.682,2021-05-19,OH
10,1330.6194,2021-05-20,OH
11,1169.6755,2021-05-21,OH
12,1102.4758,2021-05-22,OH
13,1412.6038,2021-05-23,OH
14,1227.0288,2021-05-24,OH
15,1041.7953,2021-05-25,OH
16,1140.5841,2021-05-26,OH
17,1328.7404,2021-05-27,OH
18,1344.7367,2021-05-28,OH
19,1227.7974,2021-05-29,OH
20,1242.8118,2021-05-30,OH
21,1055.228,2021-05-31,OH
22,1069.2725,2021-06-01,OH
23,1157.0631,2021-06-02,OH
24,1209.3986,2021-06-03,OH
25,919.9264,2021-06-04,OH
26,1129.8522,2021-06-05,OH
27,921.88116,2021-06-06,OH
0,156.00412,2021-05-10,OK
1,270.9523,2021-05-11,OK
2,164.33209,2021-05-12,OK
3,135.37903,2021-05-13,OK
4,94.09895,2021-05-14,OK
5,102.62265,2021-05-15,OK
6,192.21828,2021-05-16,OK
7,283.60272,2021-05-17,OK
8,199.07198,2021-05-18,OK
9,214.50925,2021-05-19,OK
10,223.45477,2021-05-20,OK
11,185.0257,2021-05-21,OK
12,252.6064,2021-05-22,OK
13,200.11826,2021-05-23,OK
14,312.206,2021-05-24,OK
15,126.32599,2021-05-25,OK
16,230.32793,2021-05-26,OK
17,186.43767,2021-05-27,OK
18,141.74907,2021-05-28,OK
19,105.868195,2021-05-29,OK
20,239.16922,2021-05-30,OK
21,244.9309,2021-05-31,OK
22,132.28542,2021-06-01,OK
23,253.05899,2021-06-02,OK
24,165.59898,2021-06-03,OK
25,117.7291,2021-06-04,OK
26,215.02936,2021-06-05,OK
27,54.31616,2021-06-06,OK
0,682.52496,2021-05-10,OR
1,780.22107,2021-05-11,OR
2,738.4136,2021-05-12,OR
3,708.1699,2021-05-13,OR
4,737.1281,2021-05-14,OR
5,680.9976,2021-05-15,OR
6,711.1511,2021-05-16,OR
7,715.4232,2021-05-17,OR
8,793.83307,2021-05-18,OR
9,741.62744,2021-05-19,OR
10,692.42773,2021-05-20,OR
11,722.32446,2021-05-21,OR
12,710.03296,2021-05-22,OR
13,761.51245,2021-05-23,OR
14,767.1739,2021-05-24,OR
15,745.4987,2021-05-25,OR
16,721.23944,2021-05-26,OR
17,682.0201,2021-05-27,OR
18,806.83044,2021-05-28,OR
19,724.2441,2021-05-29,OR
20,683.3812,2021-05-30,OR
21,693.20825,2021-05-31,OR
22,681.2874,2021-06-01,OR
23,757.49164,2021-06-02,OR
24,717.8688,2021-06-03,OR
25,626.97314,2021-06-04,OR
26,663.8229,2021-06-05,OR
27,677.88885,2021-06-06,OR
0,2615.7112,2021-05-10,PA
1,2579.1501,2021-05-11,PA
2,2873.667,2021-05-12,PA
3,2840.0674,2021-05-13,PA
4,2903.7102,2021-05-14,PA
5,2476.3494,2021-05-15,PA
6,2157.0938,2021-05-16,PA
7,2427.3125,2021-05-17,PA
8,3045.1316,2021-05-18,PA
9,2556.6575,2021-05-19,PA
10,2745.466,2021-05-20,PA
11,2754.4893,2021-05-21,PA
12,2548.4026,2021-05-22,PA
13,2190.7183,2021-05-23,PA
14,2180.035,2021-05-24,PA
15,2859.941,2021-05-25,PA
16,2815.2332,2021-05-26,PA
17,2845.1614,2021-05-27,PA
18,1993.6681,2021-05-28,PA
19,2586.9526,2021-05-29,PA
20,2386.72,2021-05-30,PA
21,2449.04,2021-05-31,PA
22,2517.7698,2021-06-01,PA
23,2531.8708,2021-06-02,PA
24,2485.8955,2021-06-03,PA
25,2702.873,2021-06-04,PA
26,2635.5225,2021-06-05,PA
27,1833.6884,2021-06-06,PA
0,337.69,2021-05-10,RI
1,233.57437,2021-05-11,RI
2,264.8742,2021-05-12,RI
3,293.7842,2021-05-13,RI
4,244.97974,2021-05-14,RI
5,180.32951,2021-05-15,RI
6,150.22249,2021-05-16,RI
7,390.64688,2021-05-17,RI
8,248.80238,2021-05-18,RI
9,158.90948,2021-05-19,RI
10,277.2926,2021-05-20,RI
11,290.62714,2021-05-21,RI
12,47.54823,2021-05-22,RI
13,144.94087,2021-05-23,RI
14,291.67935,2021-05-24,RI
15,375.54477,2021-05-25,RI
16,127.11816,2021-05-26,RI
17,299.42297,2021-05-27,RI
18,210.23549,2021-05-28,RI
19,108.56596,2021-05-29,RI
20,201.1932,2021-05-30,RI
21,280.05972,2021-05-31,RI
22,245.99762,2021-06-01,RI
23,142.95265,2021-06-02,RI
24,152.91435,2021-06-03,RI
25,197.45248,2021-06-04,RI
26,123.74308,2021-06-05,RI
27,68.02546,2021-06-06,RI
0,603.9,2021-05-10,SC
1,565.9157,2021-05-11,SC
2,715.33856,2021-05-12,SC
3,559.8127,2021-05-13,SC
4,737.83246,2021-05-14,SC
5,554.8071,2021-05-15,SC
6,703.7049,2021-05-16,SC
7,646.8216,2021-05-17,SC
8,639.97217,2021-05-18,SC
9,526.9012,2021-05-19,SC
10,657.4651,2021-05-20,SC
11,636.83234,2021-05-21,SC
12,668.3808,2021-05-22,SC
13,559.961,2021-05-23,SC
14,580.86224,2021-05-24,SC
15,549.7361,2021-05-25,SC
16,658.16315,2021-05-26,SC
17,565.30884,2021-05-27,SC
18,580.60156,2021-05-28,SC
19,579.1929,2021-05-29,SC
20,458.00986,2021-05-30,SC
21,477.61072,2021-05-31,SC
22,576.6598,2021-06-01,SC
23,473.2057,2021-06-02,SC
24,535.60156,2021-06-03,SC
25,419.24442,2021-06-04,SC
26,714.1862,2021-06-05,SC
27,597.9281,2021-06-06,SC
0,75.46468,2021-05-10,SD
1,54.58799,2021-05-11,SD
2,100.66496,2021-05-12,SD
3,83.839264,2021-05-13,SD
4,74.50732,2021-05-14,SD
5,102.84033,2021-05-15,SD
6,73.72056,2021-05-16,SD
7,39.856464,2021-05-17,SD
8,116.973724,2021-05-18,SD
9,75.53678,2021-05-19,SD
10,21.818357,2021-05-20,SD
11,68.27927,2021-05-21,SD
12,76.08476,2021-05-22,SD
13,61.293755,2021-05-23,SD
14,105.96403,2021-05-24,SD
15,55.533047,2021-05-25,SD
16,79.798874,2021-05-26,SD
17,55.698116,2021-05-27,SD
18,49.973408,2021-05-28,SD
19,64.03074,2021-05-29,SD
20,35.82781,2021-05-30,SD
21,46.179096,2021-05-31,SD
22,63.28228,2021-06-01,SD
23,65.32727,2021-06-02,SD
24,73.6374,2021-06-03,SD
25,22.789282,2021-06-04,SD
26,63.362717,2021-06-05,SD
27,53.965317,2021-06-06,SD
0,750.6956,2021-05-10,TN
1,905.43744,2021-05-11,TN
2,325.96103,2021-05-12,TN
3,489.7226,2021-05-13,TN
4,502.78397,2021-05-14,TN
5,363.97302,2021-05-15,TN
6,931.8711,2021-05-16,TN
7,711.43463,2021-05-17,TN
8,817.7756,2021-05-18,TN
9,1027.7174,2021-05-19,TN
10,523.9595,2021-05-20,TN
11,909.09,2021-05-21,TN
12,538.7979,2021-05-22,TN
13,1107.469,2021-05-23,TN
14,383.02563,2021-05-24,TN
15,865.10504,2021-05-25,TN
16,1014.67413,2021-05-26,TN
17,935.98145,2021-05-27,TN
18,727.6061,2021-05-28,TN
19,610.97,2021-05-29,TN
20,599.02246,2021-05-30,TN
21,766.0781,2021-05-31,TN
22,414.81168,2021-06-01,TN
23,1050.082,2021-06-02,TN
24,638.7068,2021-06-03,TN
25,591.39307,2021-06-04,TN
26,660.3535,2021-06-05,TN
27,337.15164,2021-06-06,TN
0,2862.9805,2021-05-10,TX
1,3064.1497,2021-05-11,TX
2,2662.9104,2021-05-12,TX
3,2242.5598,2021-05-13,TX
4,1990.1244,2021-05-14,TX
5,2275.2012,2021-05-15,TX
6,3385.6335,2021-05-16,TX
7,2946.427,2021-05-17,TX
8,2618.149,2021-05-18,TX
9,3399.7383,2021-05-19,TX
10,2264.6653,2021-05-20,TX
11,2684.612,2021-05-21,TX
12,2049.7876,2021-05-22,TX
13,2875.9646,2021-05-23,TX
14,2567.8176,2021-05-24,TX
15,2553.639,2021-05-25,TX
16,2378.855,2021-05-26,TX
17,2449.3857,2021-05-27,TX
18,2572.241,2021-05-28,TX
19,2090.6963,2021-05-29,TX
20,2539.8623,2021-05-30,TX
21,2878.435,2021-05-31,TX
22,2733.2827,2021-06-01,TX
23,2446.4568,2021-06-02,TX
24,1760.3433,2021-06-03,TX
25,2570.295,2021-06-04,TX
26,2141.976,2021-06-05,TX
27,1817.6589,2021-06-06,TX
0,328.29755,2021-05-10,UT
1,286.58176,2021-05-11,UT
2,362.1216,2021-05-12,UT
3,330.83145,2021-05-13,UT
4,389.3368,2021-05-14,UT
5,287.33347,2021-05-15,UT
6,352.17026,2021-05-16,UT
7,342.38165,2021-05-17,UT
8,340.87973,2021-05-18,UT
9,290.27435,2021-05-19,UT
10,313.8904,2021-05-20,UT
11,311.45703,2021-05-21,UT
12,330.36234,2021-05-22,UT
13,330.77722,2021-05-23,UT
14,263.05725,2021-05-24,UT
15,318.03098,2021-05-25,UT
16,345.30542,2021-05-26,UT
17,347.61282,2021-05-27,UT
18,322.64478,2021-05-28,UT
19,329.62613,2021-05-29,UT
20,310.80963,2021-05-30,UT
21,323.1378,2021-05-31,UT
22,336.78888,2021-06-01,UT
23,281.73782,2021-06-02,UT
24,368.04495,2021-06-03,UT
25,291.077,2021-06-04,UT
26,277.20682,2021-06-05,UT
27,287.66147,2021-06-06,UT
0,799.9874,2021-05-10,VA
1,961.03906,2021-05-11,VA
2,823.61536,2021-05-12,VA
3,879.28564,2021-05-13,VA
4,876.272,2021-05-14,VA
5,898.2069,2021-05-15,VA
6,724.0512,2021-05-16,VA
7,783.11053,2021-05-17,VA
8,778.41547,2021-05-18,VA
9,910.6242,2021-05-19,VA
10,867.5809,2021-05-20,VA
11,700.22766,2021-05-21,VA
12,800.999,2021-05-22,VA
13,804.01807,2021-05-23,VA
14,827.8466,2021-05-24,VA
15,839.44525,2021-05-25,VA
16,784.56757,2021-05-26,VA
17,812.5799,2021-05-27,VA
18,854.528,2021-05-28,VA
19,724.9831,2021-05-29,VA
20,806.00507,2021-05-30,VA
21,793.3563,2021-05-31,VA
22,763.7393,2021-06-01,VA
23,800.62396,2021-06-02,VA
24,649.4114,2021-06-03,VA
25,674.5044,2021-06-04,VA
26,764.70135,2021-06-05,VA
27,694.4739,2021-06-06,VA
0,46.70135,2021-05-10,VT
1,66.96091,2021-05-11,VT
2,65.36805,2021-05-12,VT
3,72.92024,2021-05-13,VT
4,59.056637,2021-05-14,VT
5,68.25831,2021-05-15,VT
6,80.293884,2021-05-16,VT
7,54.412766,2021-05-17,VT
8,50.859203,2021-05-18,VT
9,52.30138,2021-05-19,VT
10,73.18489,2021-05-20,VT
11,82.02403,2021-05-21,VT
12,58.936283,2021-05-22,VT
13,79.76557,2021-05-23,VT
14,62.40081,2021-05-24,VT
15,65.38908,2021-05-25,VT
16,64.09046,2021-05-26,VT
17,49.96138,2021-05-27,VT
18,63.91982,2021-05-28,VT
19,84.1645,2021-05-29,VT
20,64.62795,2021-05-30,VT
21,70.04544,2021-05-31,VT
22,48.091995,2021-06-01,VT
23,65.61407,2021-06-02,VT
24,65.802895,2021-06-03,VT
25,70.52129,2021-06-04,VT
26,74.10527,2021-06-05,VT
27,59.554142,2021-06-06,VT
0,999.58826,2021-05-10,WA
1,1500.6007,2021-05-11,WA
2,782.63965,2021-05-12,WA
3,1655.0442,2021-05-13,WA
4,1340.6116,2021-05-14,WA
5,1069.3114,2021-05-15,WA
6,1654.9636,2021-05-16,WA
7,644.3802,2021-05-17,WA
8,1292.3672,2021-05-18,WA
9,956.0116,2021-05-19,WA
10,900.49493,2021-05-20,WA
11,1179.1797,2021-05-21,WA
12,1179.8169,2021-05-22,WA
13,771.22565,2021-05-23,WA
14,1650.9691,2021-05-24,WA
15,1177.4652,2021-05-25,WA
16,1485.6287,2021-05-26,WA
17,988.0686,2021-05-27,WA
18,1039.839,2021-05-28,WA
19,1333.7426,2021-05-29,WA
20,856.8082,2021-05-30,WA
21,1122.8329,2021-05-31,WA
22,971.44476,2021-06-01,WA
23,1212.3624,2021-06-02,WA
24,1181.1881,2021-06-03,WA
25,881.77344,2021-06-04,WA
26,950.5004,2021-06-05,WA
27,904.0208,2021-06-06,WA
0,656.6836,2021-05-10,WI
1,615.46747,2021-05-11,WI
2,712.5764,2021-05-12,WI
3,763.3284,2021-05-13,WI
4,732.18634,2021-05-14,WI
5,566.50543,2021-05-15,WI
6,652.98364,2021-05-16,WI
7,685.27686,2021-05-17,WI
8,739.6447,2021-05-18,WI
9,691.17566,2021-05-19,WI
10,588.9966,2021-05-20,WI
11,454.1197,2021-05-21,WI
12,499.3955,2021-05-22,WI
13,710.3099,2021-05-23,WI
14,582.8868,2021-05-24,WI
15,482.54343,2021-05-25,WI
16,590.39984,2021-05-26,WI
17,578.0925,2021-05-27,WI
18,683.02026,2021-05-28,WI
19,595.3643,2021-05-29,WI
20,550.7661,2021-05-30,WI
21,507.60434,2021-05-31,WI
22,512.2958,2021-06-01,WI
23,690.81647,2021-06-02,WI
24,527.1256,2021-06-03,WI
25,674.36993,2021-06-04,WI
26,368.50284,2021-06-05,WI
27,536.78253,2021-06-06,WI
0,341.36206,2021-05-10,WV
1,340.7281,2021-05-11,WV
2,366.64642,2021-05-12,WV
3,289.2773,2021-05-13,WV
4,425.88782,2021-05-14,WV
5,351.1405,2021-05-15,WV
6,344.37747,2021-05-16,WV
7,391.23074,2021-05-17,WV
8,269.98468,2021-05-18,WV
9,347.42984,2021-05-19,WV
10,313.5176,2021-05-20,WV
11,347.82855,2021-05-21,WV
12,357.72018,2021-05-22,WV
13,329.01422,2021-05-23,WV
14,382.3739,2021-05-24,WV
15,316.8393,2021-05-25,WV
16,356.2718,2021-05-26,WV
17,372.81042,2021-05-27,WV
18,287.07227,2021-05-28,WV
19,356.84735,2021-05-29,WV
20,298.11258,2021-05-30,WV
21,290.61118,2021-05-31,WV
22,359.63226,2021-06-01,WV
23,272.4758,2021-06-02,WV
24,302.0858,2021-06-03,WV
25,341.57867,2021-06-04,WV
26,318.3687,2021-06-05,WV
27,320.5535,2021-06-06,WV
0,77.8516,2021-05-10,WY
1,45.329895,2021-05-11,WY
2,86.94447,2021-05-12,WY
3,74.23059,2021-05-13,WY
4,66.26884,2021-05-14,WY
5,72.3032,2021-05-15,WY
6,16.4107,2021-05-16,WY
7,74.57792,2021-05-17,WY
8,65.86443,2021-05-18,WY
9,73.2707,2021-05-19,WY
10,45.861904,2021-05-20,WY
11,75.778984,2021-05-21,WY
12,31.510975,2021-05-22,WY
13,46.265797,2021-05-23,WY
14,55.618294,2021-05-24,WY
15,50.00086,2021-05-25,WY
16,32.579693,2021-05-26,WY
17,56.557484,2021-05-27,WY
18,46.30718,2021-05-28,WY
19,39.73678,2021-05-29,WY
20,41.698574,2021-05-30,WY
21,49.780445,2021-05-31,WY
22,52.932056,2021-06-01,WY
23,51.37957,2021-06-02,WY
24,17.747585,2021-06-03,WY
25,29.173967,2021-06-04,WY
26,34.47366,2021-06-05,WY
27,49.43573,2021-06-06,WY
